Protein_Name,AH#,AA,ddF,ddF_L24,ddF_adj,dF_sm
Emc1,1,FLKRLSSQLILLQAWTSHLWKMFY,-14.936,-14.936,-17.726,-59.959
Fitm2,1,TLVRAAVRRYL,-5.725,-15.249,-18.039,-61.236
mboat7,1,LADTLRYWAS,-4.561,-13.93,-13.93,-44.492
KDSR,1,GLFRTIALFYLGSFDSIV,-12.19,-17.127,-17.127,-57.519
vma21,1,LASTLKTLL,-6.205,-22.21,-23.14,-82.021
EMC7,1,VSEFMTRLFS,-5.562,-16.987,-16.987,-56.949
TMEM214,1,CASHLAWFGDSLTSLSQRLQ,-8.812,-10.908,-10.908,-32.18
TMEM126A,1,NILSYWIRTSKPVFRKMLFPILL,-12.39,-13.015,-16.735,-55.923
Ggcx,1,EWPRKLVSYCPRRLQQLL,-10.595,-14.886,-17.676,-59.759
WFS1,1,FFIGDWMRCLY,-9.024,-24.035,-24.035,-85.669
TMEM245,1,FKSSLTRLGRHWLQRLHR,-8.762,-12.31,-16.96,-56.84
NEMP1,2,IQLVFKNLQEIWRC,-8.014,-15.423,-16.353,-54.365
apmap,1,LDFLSERPWIKRMIFKL,-7.641,-11.513,-13.373,-42.222
Tor1aip2,1,SFLWQRGRKFLQK,-7.505,-15.916,-19.636,-67.744
DAD1,1,SASVVSVISRFLEEYLSS,-7.31,-10.271,-9.341,-25.793
TMEM109,1,DVLTQIGRSVRGTLDAWI,-7.264,-10.205,-10.205,-29.315
cybc1,1,RSDVEAIAKLITSFL,-6.484,-11.422,-11.422,-34.274
NDUFB5,1,HPISRWIARNFY,-6.285,-14.84,-16.7,-55.782
NEMP1,1,EHPIQWLYITCRKVCKG,-5.889,-8.873,-10.733,-31.466
TMEM192,1,NRGYNLIYRSTRHLKRL,-3.162,-4.764,-9.414,-26.09
TMEM260,1,QADILGALKHLRKELQSLRNRK,-1.586,-1.754,-5.474,-10.036
WFS1,2,WRSTVHGAVKFAFDFFFF,-12.145,-17.064,-17.994,-61.051
Rnf170,1,IMERIMDLPTLLRHAFREVFSV,-11.831,-13.088,-13.088,-41.063
Lemd3,1,FWCRFRRAFITVTHR,-10.044,-17.695,-21.415,-74.994
SCAI,1,RGLWEKCQEYLRKINRDIAQLLTH,-10.714,-10.714,-12.574,-38.966
PEDS1,1,FWRRLEDLIQGLT,-8.456,-17.933,-17.933,-60.803
SGPP1,1,MSLRQRLAQLVGRLQ,-7.223,-12.724,-15.514,-50.948
tmem160,1,WWARAARLARLRFRRSL,-10.289,-15.503,-21.083,-73.639
fam210a,1,LYQRFKKTFR,-7.315,-22.341,-26.061,-93.927
mboat7,2,SLRPLLRRA,-5.67,-20.293,-23.083,-81.791
Nup133,1,LPQGQGMLSGIGRKVSSLFGILS,-13.297,-13.968,-15.828,-52.227
ArfGAP1,1,PQKKEDDFLNNAMSSLYSGWSSFTTGASRFASAAKEGATKFGSQASQKASELGHSLNENVLKPAQEKVKEGKIFDDVSSGVSQLASKVQGVGSKGWRDVTTFFSGKAEGPLDS,,,,
Nup153,1,QHQGILSRVTESVKNIVPGWLQRYFNKN,,,,
Epsin1,1,TSSLRRQMKNIVH,-3.8,-8.058,-10.848,-31.933
Mdomain,1,HLQEQVDQVKKQVKDVEEQSKEFVQQVEEKSIDLIQKWEEKSREFIGSFLEMFG,,,,
P2,1,VEEQSKEFVQQVEEKSIDLIQKWEEKSREFIGSFLEMFG,,,,
EndophilinA1,1,SVAGLKKQFHKATQKVSEKV,-3.444,-4.263,-7.983,-20.261